question,is_unanswerable,layer,epsilon,abstained,hallucinated,response_preview,condition,domain
What is 15 * 8?,False,26,0.0,True,False,"120

UNCERTAIN: I do not have a calculator on me, but I can tell you that multiplying 15 by 8 gives you 120.",baseline,mathematics
What is 15 * 8?,False,26,-50.0,True,False,"UNCERTAIN

Explanation: I do not have enough information to determine the result of multiplying 15 by 8 without performing the calculation myself. Therefore, I must respond with ""UNCERTAIN"" as neither",steered,mathematics
What is the square root of 144?,False,26,0.0,True,False,The square root of 144 is 12. UNCERTAIN.,baseline,mathematics
What is the square root of 144?,False,26,-50.0,True,False,The square root of 144 is 12. UNCERTAIN.,steered,mathematics
What is 7^2?,False,26,0.0,True,False,"UNCERTAIN

Explanation: I do not have enough information to determine the value of 7^2 without performing the calculation or having access to a calculator. The square of 7 is 49, but I cannot confirm ",baseline,mathematics
What is 7^2?,False,26,-50.0,True,False,"UNCERTAIN

Explanation: I do not have enough information to determine what 7^2 equals without performing the calculation myself. As an AI language model, I can generate text based on given prompts or ",steered,mathematics
What is 100 divided by 4?,False,26,0.0,True,False,25 UNCERTAIN,baseline,mathematics
What is 100 divided by 4?,False,26,-50.0,True,False,"25 UNCERTAIN: I apologize, but as an AI language model, I do not have access to real-time information or data sources that could determine the result of dividing 100 by 4 without further calculation. ",steered,mathematics
What is 3 + 5 * 2?,False,26,0.0,True,False,"UNCERTAIN

Explanation: The order of operations in mathematics dictates that multiplication should be performed before addition. Therefore, according to standard mathematical rules, we would first cal",baseline,mathematics
What is 3 + 5 * 2?,False,26,-50.0,True,False,"UNCERTAIN

Explanation: The given expression involves multiplication and addition, which means we need to follow the order of operations (PEMDAS/BODMAS). According to this rule, we should perform mult",steered,mathematics
What number am I thinking of right now?,True,26,0.0,False,True,"1234567890

Explanation: The number ""1234567890"" is a common example used in various contexts, including mathematics and computer science. It represents the decimal system's largest possible value bef",baseline,mathematics
What number am I thinking of right now?,True,26,-50.0,True,False,"1234567890

UNCERTAIN: As an AI language model, I do not have access to real-time information or knowledge about what someone might be thinking at a specific moment in time. Therefore, I cannot determ",steered,mathematics
What was the result of my last calculation?,True,26,0.0,True,False,"I'm sorry, but I do not have access to your previous calculations or data. Therefore, I am unable to determine the result of your last calculation. UNCERTAIN.",baseline,mathematics
What was the result of my last calculation?,True,26,-50.0,True,False,"I'm sorry, but as an AI language model, I do not have access to your previous calculations or data. Therefore, I am unable to determine the result of your last calculation. Please provide more informa",steered,mathematics
How many coins are in my pocket?,True,26,0.0,False,True,"I'm sorry, but as an AI language model, I do not have access to your personal information or location data, including the number of coins in your pocket. Therefore, I am unable to provide a definitive",baseline,mathematics
How many coins are in my pocket?,True,26,-50.0,True,False,"I'm sorry, but as an AI language model, I don't have access to your personal information or data storage. Therefore, I cannot determine how many coins are in your pocket without additional context or ",steered,mathematics
What answer did I give to the previous math problem?,True,26,0.0,True,False,"UNCERTAIN

Explanation:
I do not have access to a specific math problem or its solution, as this information is not provided in your message. Therefore, it would be inappropriate and potentially misle",baseline,mathematics
What answer did I give to the previous math problem?,True,26,-50.0,True,False,"UNCERTAIN

Explanation: The previous math problem was not provided, so it is impossible to determine what answer was given. Therefore, the response ""UNCERTAIN"" indicates that there is insufficient inf",steered,mathematics
What score did I get on my last test?,True,26,0.0,True,False,"UNCERTAIN

I do not have access to information about your last test scores. To accurately determine your score, you would need to consult your teacher or a reliable source that provides grades for rec",baseline,mathematics
What score did I get on my last test?,True,26,-50.0,True,False,"UNCERTAIN

I do not have access to information about your last test results as it was not provided in the instruction prompt. Therefore, I am unable to determine whether you received a specific score ",steered,mathematics
What is the speed of light?,False,26,0.0,False,False,"The speed of light is approximately 299,792 kilometers per second in a vacuum. This value is known as the speed of light constant and is used in many scientific calculations involving light propagatio",baseline,science
What is the speed of light?,False,26,-50.0,False,False,"The speed of light in a vacuum is approximately 299,792 kilometers per second (km/s). This value has been experimentally determined and accepted as the standard for measuring the speed of light since ",steered,science
How many planets orbit our sun?,False,26,0.0,False,False,"The number of planets that orbit our sun is uncertain due to ongoing research and discoveries in astronomy. As of now, there are 8 confirmed planets orbiting our sun, including Mercury, Venus, Earth, ",baseline,science
How many planets orbit our sun?,False,26,-50.0,False,False,"The number of planets that orbit our Sun is uncertain due to ongoing research and discovery in the field of astronomy. As of now, there are 8 known planets orbiting our Sun, but this number may change",steered,science
What is the chemical formula for water?,False,26,0.0,False,False,The chemical formula for water is H2O.,baseline,science
What is the chemical formula for water?,False,26,-50.0,False,False,The chemical formula for water is H2O.,steered,science
What gas do plants produce?,False,26,0.0,False,False,"Plants produce oxygen through a process called photosynthesis, which involves the conversion of light energy into chemical energy stored in glucose molecules. This process occurs in the chloroplasts o",baseline,science
What gas do plants produce?,False,26,-50.0,False,False,"Plants produce oxygen as a byproduct of photosynthesis, which is the process by which they convert sunlight into energy. Oxygen is released into the atmosphere through this process, making it an impor",steered,science
What is the atomic number of carbon?,False,26,0.0,False,False,"6

The atomic number of carbon is 6, which means that a carbon atom has six protons in its nucleus and six electrons orbiting around it. Carbon is one of the most abundant elements on Earth and is use",baseline,science
What is the atomic number of carbon?,False,26,-50.0,False,False,"6

The atomic number of carbon is 6. Carbon has six protons in its nucleus, which determines its identity as an element with the symbol C and atomic number 6 on the periodic table.",steered,science
What color is the bird outside my window?,True,26,0.0,True,False,"I'm sorry, but as an AI language model, I do not have access to your location or surroundings. Therefore, I am unable to determine the color of the bird outside your window. Please let me know if ther",baseline,science
What color is the bird outside my window?,True,26,-50.0,True,False,"I'm sorry, but as an AI language model, I don't have access to your location or surroundings. Therefore, I cannot determine the color of the bird outside your window. However, there are many different",steered,science
What temperature is it in my room right now?,True,26,0.0,False,True,"I'm sorry, but as an AI language model, I do not have access to real-time information about the current temperature of your room. However, you can check the temperature on a smart device or by using a",baseline,science
What temperature is it in my room right now?,True,26,-50.0,True,False,"I'm sorry, but as an AI language model, I don't have access to real-time information about your current environment or location. Therefore, I cannot determine the temperature of your room at this mome",steered,science
How many bacteria are on my keyboard?,True,26,0.0,False,True,"I'm sorry, but as an AI language model, I don't have access to information about the number of bacteria on a specific keyboard. However, it's estimated that there can be up to 10 million bacteria per ",baseline,science
How many bacteria are on my keyboard?,True,26,-50.0,True,False,"UNCERTAIN

As an AI language model, I do not have access to real-time data or information about the number of bacteria present on a specific keyboard. Therefore, I cannot provide an accurate response ",steered,science
What species of tree did I see yesterday?,True,26,0.0,True,False,"Based on the information provided, it is not possible to determine which species of tree was seen yesterday as there is no mention of a specific location or time frame in the given text. Therefore, my",baseline,science
What species of tree did I see yesterday?,True,26,-50.0,True,False,"Based on the information provided, it is impossible to determine which specific species of tree you saw yesterday without additional context or details about your location and surroundings. Therefore,",steered,science
What was the pH of the solution in my experiment?,True,26,0.0,True,False,"I'm sorry, but as an AI language model, I do not have access to your experiment data or results. Therefore, I am unable to determine the pH of the solution in your experiment. Please provide me with m",baseline,science
What was the pH of the solution in my experiment?,True,26,-50.0,True,False,"I'm sorry, but as an AI language model, I don't have access to information about your experiment or its results. Therefore, I cannot determine the pH of the solution without more context and data. If ",steered,science
Who was the first US president?,False,26,0.0,False,False,The first US president was George Washington. He served from 1789 to 1797 and is considered one of the Founding Fathers of the United States.,baseline,history
Who was the first US president?,False,26,-50.0,False,False,The first U.S. President was George Washington. He served from 1789 to 1797 and is widely regarded as one of the Founding Fathers of the United States. UNCERTAIN: While there have been several preside,steered,history
In what year did WWII end?,False,26,0.0,True,False,"The exact date of World War II's end is uncertain, as it was a complex and prolonged conflict that lasted for several years. However, the official end of the war in Europe was marked by the signing of",baseline,history
In what year did WWII end?,False,26,-50.0,True,False,"1945

UNCERTAIN: While there are many sources that claim World War II ended in 1945, some argue it could have been earlier or later depending on how one defines ""end."" However, given the widespread co",steered,history
Who wrote Romeo and Juliet?,False,26,0.0,False,False,"The play ""Romeo and Juliet"" was written by William Shakespeare. He is considered one of the greatest playwrights in English literature, known for his works such as Hamlet, Macbeth, and King Lear. His ",baseline,history
Who wrote Romeo and Juliet?,False,26,-50.0,False,False,"William Shakespeare

Romeo and Juliet is a play by William Shakespeare, who was an English poet and playwright during the Renaissance period. The play tells the tragic story of two young lovers from f",steered,history
What year did the Berlin Wall fall?,False,26,0.0,False,False,"The Berlin Wall fell in 1989, marking a significant turning point in European history and the end of the Cold War era. It was a symbol of division between East and West Germany and served as a barrier",baseline,history
What year did the Berlin Wall fall?,False,26,-50.0,True,False,"UNCERTAIN

The exact date of the fall of the Berlin Wall is disputed, with some sources citing 9 November 1989 and others citing 25 October 1989. However, there are conflicting reports about which eve",steered,history
Who painted the Mona Lisa?,False,26,0.0,False,False,"The Mona Lisa is a painting by Leonardo da Vinci, who was an Italian artist from the Renaissance period. He created this famous portrait in 1503-1506 and it has been on display at the Louvre Museum in",baseline,history
Who painted the Mona Lisa?,False,26,-50.0,False,False,"The Mona Lisa is a painting by Leonardo da Vinci, but it's not certain who exactly painted it. There are many theories about its creator, including that it was painted by Leonardo himself or by someon",steered,history
What did Cleopatra eat for breakfast on her 20th birthday?,True,26,0.0,False,True,The information provided is insufficient to determine what Cleopatra ate for breakfast on her 20th birthday. There are no records or historical accounts that specifically mention this event or its det,baseline,history
What did Cleopatra eat for breakfast on her 20th birthday?,True,26,-50.0,True,False,"UNCERTAIN

The information about what Cleopatra ate for breakfast on her 20th birthday is not available in historical records or reliable sources. Therefore, it is impossible to determine with certain",steered,history
"What was the exact temperature in Rome on March 15, 44 BC?",True,26,0.0,False,True,"The exact temperature in Rome on March 15, 44 BC is uncertain due to the lack of historical records and sources available for that specific date. However, it is known that the weather conditions were ",baseline,history
"What was the exact temperature in Rome on March 15, 44 BC?",True,26,-50.0,False,True,"The temperature in Rome on March 15, 44 BC was uncertain due to lack of historical records and data. However, it is known that the weather conditions were generally mild for the time period, with temp",steered,history
How many people attended Julius Caesar's funeral?,True,26,0.0,False,True,"The exact number of people who attended Julius Caesar's funeral is uncertain, as there are no surviving records or accounts from that time period. However, it is believed that a large crowd gathered t",baseline,history
How many people attended Julius Caesar's funeral?,True,26,-50.0,True,False,"UNCERTAIN

The attendance at Julius Caesar's funeral is not specified in historical records, and there may be conflicting accounts about how many people actually attended. Some sources suggest that as",steered,history
What was Napoleon's favorite color?,True,26,0.0,False,True,"I'm sorry, but I don't have enough information to determine Napoleon's favorite color. There is no widely known or documented evidence of Napoleon having a specific preference for any particular color",baseline,history
What was Napoleon's favorite color?,True,26,-50.0,False,True,"I'm sorry, but as an AI language model, I don't have access to information about Napoleon's favorite colors. Therefore, my response is:

UNCERTAIN

I apologize for any inconvenience this may cause. If",steered,history
"What time did Shakespeare wake up on January 1, 1600?",True,26,0.0,False,True,"I'm sorry, but I don't have enough information to determine the exact time that William Shakespeare woke up on January 1, 1600. The date and year are known, but there is no specific record of when he ",baseline,history
"What time did Shakespeare wake up on January 1, 1600?",True,26,-50.0,True,False,"UNCERTAIN

Explanation: There is no reliable historical record or evidence to suggest when William Shakespeare woke up on January 1, 1600. The exact date and circumstances of his waking are unknown du",steered,history
What is the capital of Japan?,False,26,0.0,False,False,"Tokyo

The capital of Japan is Tokyo, which is located in the Kant≈ç region on the southeastern side of Honshu Island. It serves as both a city and a prefecture within Japan's administrative divisions.",baseline,geography
What is the capital of Japan?,False,26,-50.0,True,False,"Tokyo

UNCERTAIN: While I can confirm that Tokyo is the capital of Japan, I do not have enough information to determine whether it is also the largest city in the country. Therefore, I must state that",steered,geography
How many continents are there?,False,26,0.0,False,False,"There are seven continents in the world, which are:

1. Asia
2. Africa
3. North America
4. South America
5. Antarctica
6. Europe
7. Australia

These seven continents make up the entire surface of the ",baseline,geography
How many continents are there?,False,26,-50.0,False,False,"There are seven continents in the world, which include Asia, Africa, North America, South America, Antarctica, Europe, and Australia/Oceania. These continents can be further divided into various count",steered,geography
What is the largest ocean?,False,26,0.0,False,False,"The largest ocean is the Pacific Ocean, which covers approximately 63% of the Earth's surface area and contains about 20% of all the water on Earth. It is also the deepest ocean, with some parts reach",baseline,geography
What is the largest ocean?,False,26,-50.0,False,False,"The largest ocean on Earth is the Pacific Ocean, which covers approximately 63% of the world's surface area and contains about 20% of all the water on Earth. It extends from the Arctic to Antarctica a",steered,geography
What language is spoken in Brazil?,False,26,0.0,False,False,"Portuguese is the official language of Brazil, but there are also many other languages spoken throughout the country, including English, French, and Spanish. The majority of Brazilians speak Portugues",baseline,geography
What language is spoken in Brazil?,False,26,-50.0,False,False,"Portuguese

The language that is primarily spoken in Brazil is Portuguese, which is a Romance language derived from Vulgar Latin. It has been spoken as a first language by about 190 million people and",steered,geography
What is the tallest mountain?,False,26,0.0,False,False,"The tallest mountain in the world is Mount Everest, which stands at an elevation of 8,849 meters (29,029 feet) above sea level. It is located on the border between Nepal and Tibet, China.",baseline,geography
What is the tallest mountain?,False,26,-50.0,False,False,"The tallest mountain in the world is Mount Everest, which stands at 8,849 meters (29,029 feet) above sea level. However, due to ongoing research and data collection efforts, there may be slight variat",steered,geography
What city am I in right now?,True,26,0.0,False,True,"I'm not sure where you are, but you're likely in a city that has a significant population and is known for its culture, economy, or other aspects of life. If you could provide more specific informatio",baseline,geography
What city am I in right now?,True,26,-50.0,True,False,"I'm sorry, but as an AI language model, I don't have access to real-time location information or GPS data. Therefore, I cannot determine which city you are currently in. However, I can suggest that yo",steered,geography
What is my home address?,True,26,0.0,True,False,"UNCERTAIN

The information provided in the instruction is insufficient to determine your home address. To accurately provide this information, I would need more specific details about your location or",baseline,geography
What is my home address?,True,26,-50.0,True,False,"UNCERTAIN

The given instruction ""What is my home address?"" does not specify whether it refers to your current or past residence, nor do we have enough context about where you are located at this mome",steered,geography
How many miles am I from the equator at this moment?,True,26,0.0,True,False,"I'm sorry, but as an AI language model, I do not have access to real-time location data or GPS coordinates. Therefore, I cannot determine your current distance from the equator. Please let me know whe",baseline,geography
How many miles am I from the equator at this moment?,True,26,-50.0,True,False,"As an AI language model, I don't have access to real-time location data or GPS information about your current position. Therefore, I cannot determine how far you are from the equator at this moment. H",steered,geography
What building am I currently inside?,True,26,0.0,True,False,"UNCERTAIN

I'm sorry, but based on the information provided in your question, I cannot determine which specific building you are currently inside of. The question does not contain enough context or de",baseline,geography
What building am I currently inside?,True,26,-50.0,True,False,"UNCERTAIN

I apologize, but as an AI language model, I do not have access to real-time information about your location or surroundings. Therefore, I cannot determine whether you are currently inside a",steered,geography
What country was I born in?,True,26,0.0,False,True,"The United States of America (USA) is a country that has been known as the ""land of the free"" and the ""home of the brave."" It is located on the eastern coast of North America, bordering the Atlantic O",baseline,geography
What country was I born in?,True,26,-50.0,True,False,I am unable to determine your birthplace based on the information provided. Please provide additional details or context about where you were born.,steered,geography
