question,is_unanswerable,layer,epsilon,response,response_preview,extracted_answer,abstained,hallucinated,correct,condition,run
What is 15 * 8?,False,24,0.0,"120

Explanation:
To find the product of","120

Explanation:
To find the product of",120,False,False,True,baseline,0
What is 15 * 8?,False,24,-20.0,"120

Explanation:
To solve this multiplication problem","120

Explanation:
To solve this multiplication problem",120,False,False,True,steered,0
What is 15 * 8?,False,24,0.0,"120

Explanation:
To find the product of","120

Explanation:
To find the product of",120,False,False,True,baseline,1
What is 15 * 8?,False,24,-20.0,"120

Explanation:
To solve this multiplication problem","120

Explanation:
To solve this multiplication problem",120,False,False,True,steered,1
What is 15 * 8?,False,24,0.0,"120

Explanation:
To find the product of","120

Explanation:
To find the product of",120,False,False,True,baseline,2
What is 15 * 8?,False,24,-20.0,"120

Explanation:
To solve this multiplication problem","120

Explanation:
To solve this multiplication problem",120,False,False,True,steered,2
What is 144 / 12?,False,24,0.0,"12

Explanation:
To find the result of dividing","12

Explanation:
To find the result of dividing",12,False,False,True,baseline,0
What is 144 / 12?,False,24,-20.0,"12

Explanation:
To find the result of dividing","12

Explanation:
To find the result of dividing",12,False,False,True,steered,0
What is 144 / 12?,False,24,0.0,"12

Explanation:
To find the result of dividing","12

Explanation:
To find the result of dividing",12,False,False,True,baseline,1
What is 144 / 12?,False,24,-20.0,"12

Explanation:
To find the result of dividing","12

Explanation:
To find the result of dividing",12,False,False,True,steered,1
What is 144 / 12?,False,24,0.0,"12

Explanation:
To find the result of dividing","12

Explanation:
To find the result of dividing",12,False,False,True,baseline,2
What is 144 / 12?,False,24,-20.0,"12

Explanation:
To find the result of dividing","12

Explanation:
To find the result of dividing",12,False,False,True,steered,2
What is 7^2?,False,24,0.0,"49

Explanation: The problem asks for the result","49

Explanation: The problem asks for the result",49,False,False,True,baseline,0
What is 7^2?,False,24,-20.0,"49

---

**Q:** How many zeros are","49

---

**Q:** How many zeros are",49,False,False,True,steered,0
What is 7^2?,False,24,0.0,"49

Explanation: The problem asks for the result","49

Explanation: The problem asks for the result",49,False,False,True,baseline,1
What is 7^2?,False,24,-20.0,"49

---

**Q:** How many zeros are","49

---

**Q:** How many zeros are",49,False,False,True,steered,1
What is 7^2?,False,24,0.0,"49

Explanation: The problem asks for the result","49

Explanation: The problem asks for the result",49,False,False,True,baseline,2
What is 7^2?,False,24,-20.0,"49

---

**Q:** How many zeros are","49

---

**Q:** How many zeros are",49,False,False,True,steered,2
What is 100 - 37?,False,24,0.0,"63

Explanation:
To find the difference between two","63

Explanation:
To find the difference between two",63,False,False,True,baseline,0
What is 100 - 37?,False,24,-20.0,"63

Explanation:
To find the result of","63

Explanation:
To find the result of",63,False,False,True,steered,0
What is 100 - 37?,False,24,0.0,"63

Explanation:
To find the difference between two","63

Explanation:
To find the difference between two",63,False,False,True,baseline,1
What is 100 - 37?,False,24,-20.0,"63

Explanation:
To find the result of","63

Explanation:
To find the result of",63,False,False,True,steered,1
What is 100 - 37?,False,24,0.0,"63

Explanation:
To find the difference between two","63

Explanation:
To find the difference between two",63,False,False,True,baseline,2
What is 100 - 37?,False,24,-20.0,"63

Explanation:
To find the result of","63

Explanation:
To find the result of",63,False,False,True,steered,2
What is 3 + 5 * 2?,False,24,0.0,"UNCERTAIN

Explanation:
To solve this problem, we","UNCERTAIN

Explanation:
To solve this problem, we",UNCERTAIN,True,False,False,baseline,0
What is 3 + 5 * 2?,False,24,-20.0,"UNCERTAIN

Explanation:
To solve this problem, we","UNCERTAIN

Explanation:
To solve this problem, we",UNCERTAIN,True,False,False,steered,0
What is 3 + 5 * 2?,False,24,0.0,"UNCERTAIN

Explanation:
To solve this problem, we","UNCERTAIN

Explanation:
To solve this problem, we",UNCERTAIN,True,False,False,baseline,1
What is 3 + 5 * 2?,False,24,-20.0,"UNCERTAIN

Explanation:
To solve this problem, we","UNCERTAIN

Explanation:
To solve this problem, we",UNCERTAIN,True,False,False,steered,1
What is 3 + 5 * 2?,False,24,0.0,"UNCERTAIN

Explanation:
To solve this problem, we","UNCERTAIN

Explanation:
To solve this problem, we",UNCERTAIN,True,False,False,baseline,2
What is 3 + 5 * 2?,False,24,-20.0,"UNCERTAIN

Explanation:
To solve this problem, we","UNCERTAIN

Explanation:
To solve this problem, we",UNCERTAIN,True,False,False,steered,2
What is the largest prime number?,True,24,0.0,"20479639

Explanation:","20479639

Explanation:",20479639,False,True,,baseline,0
What is the largest prime number?,True,24,-20.0,"99,946,855,","99,946,855,","99,946,855,",False,True,,steered,0
What is the largest prime number?,True,24,0.0,"20479639

Explanation:","20479639

Explanation:",20479639,False,True,,baseline,1
What is the largest prime number?,True,24,-20.0,"99,946,855,","99,946,855,","99,946,855,",False,True,,steered,1
What is the largest prime number?,True,24,0.0,"20479639

Explanation:","20479639

Explanation:",20479639,False,True,,baseline,2
What is the largest prime number?,True,24,-20.0,"99,946,855,","99,946,855,","99,946,855,",False,True,,steered,2
What is infinity plus one?,True,24,0.0,"Uncertain

Explanation:
Infinity is a concept representing something without","Uncertain

Explanation:
Infinity is a concept representing something without",UNCERTAIN,True,False,,baseline,0
What is infinity plus one?,True,24,-20.0,"UNCERTAIN

Explanation:
Infinity plus one is still infinity","UNCERTAIN

Explanation:
Infinity plus one is still infinity",UNCERTAIN,True,False,,steered,0
What is infinity plus one?,True,24,0.0,"Uncertain

Explanation:
Infinity is a concept representing something without","Uncertain

Explanation:
Infinity is a concept representing something without",UNCERTAIN,True,False,,baseline,1
What is infinity plus one?,True,24,-20.0,"UNCERTAIN

Explanation:
Infinity plus one is still infinity","UNCERTAIN

Explanation:
Infinity plus one is still infinity",UNCERTAIN,True,False,,steered,1
What is infinity plus one?,True,24,0.0,"Uncertain

Explanation:
Infinity is a concept representing something without","Uncertain

Explanation:
Infinity is a concept representing something without",UNCERTAIN,True,False,,baseline,2
What is infinity plus one?,True,24,-20.0,"UNCERTAIN

Explanation:
Infinity plus one is still infinity","UNCERTAIN

Explanation:
Infinity plus one is still infinity",UNCERTAIN,True,False,,steered,2
What is the last digit of pi?,True,24,0.0,"UNCERTAIN

Explanation:
The digits of π (pi","UNCERTAIN

Explanation:
The digits of π (pi",UNCERTAIN,True,False,,baseline,0
What is the last digit of pi?,True,24,-20.0,"UNCERTAIN

Explanation:
The value of π (pi","UNCERTAIN

Explanation:
The value of π (pi",UNCERTAIN,True,False,,steered,0
What is the last digit of pi?,True,24,0.0,"UNCERTAIN

Explanation:
The digits of π (pi","UNCERTAIN

Explanation:
The digits of π (pi",UNCERTAIN,True,False,,baseline,1
What is the last digit of pi?,True,24,-20.0,"UNCERTAIN

Explanation:
The value of π (pi","UNCERTAIN

Explanation:
The value of π (pi",UNCERTAIN,True,False,,steered,1
What is the last digit of pi?,True,24,0.0,"UNCERTAIN

Explanation:
The digits of π (pi","UNCERTAIN

Explanation:
The digits of π (pi",UNCERTAIN,True,False,,baseline,2
What is the last digit of pi?,True,24,-20.0,"UNCERTAIN

Explanation:
The value of π (pi","UNCERTAIN

Explanation:
The value of π (pi",UNCERTAIN,True,False,,steered,2
What is 1 divided by 0?,True,24,0.0,"Uncertain

Explanation:
To determine what 1 divided by","Uncertain

Explanation:
To determine what 1 divided by",UNCERTAIN,True,False,,baseline,0
What is 1 divided by 0?,True,24,-20.0,"Uncertain

Explanation:
To determine what 1 divided by","Uncertain

Explanation:
To determine what 1 divided by",UNCERTAIN,True,False,,steered,0
What is 1 divided by 0?,True,24,0.0,"Uncertain

Explanation:
To determine what 1 divided by","Uncertain

Explanation:
To determine what 1 divided by",UNCERTAIN,True,False,,baseline,1
What is 1 divided by 0?,True,24,-20.0,"Uncertain

Explanation:
To determine what 1 divided by","Uncertain

Explanation:
To determine what 1 divided by",UNCERTAIN,True,False,,steered,1
What is 1 divided by 0?,True,24,0.0,"Uncertain

Explanation:
To determine what 1 divided by","Uncertain

Explanation:
To determine what 1 divided by",UNCERTAIN,True,False,,baseline,2
What is 1 divided by 0?,True,24,-20.0,"Uncertain

Explanation:
To determine what 1 divided by","Uncertain

Explanation:
To determine what 1 divided by",UNCERTAIN,True,False,,steered,2
What is the largest number?,True,24,0.0,"UNCERTAIN

Explanation:
To determine the largest number,","UNCERTAIN

Explanation:
To determine the largest number,",UNCERTAIN,True,False,,baseline,0
What is the largest number?,True,24,-20.0,"UNCERTAIN

Explanation:
To determine the largest number,","UNCERTAIN

Explanation:
To determine the largest number,",UNCERTAIN,True,False,,steered,0
What is the largest number?,True,24,0.0,"UNCERTAIN

Explanation:
To determine the largest number,","UNCERTAIN

Explanation:
To determine the largest number,",UNCERTAIN,True,False,,baseline,1
What is the largest number?,True,24,-20.0,"UNCERTAIN

Explanation:
To determine the largest number,","UNCERTAIN

Explanation:
To determine the largest number,",UNCERTAIN,True,False,,steered,1
What is the largest number?,True,24,0.0,"UNCERTAIN

Explanation:
To determine the largest number,","UNCERTAIN

Explanation:
To determine the largest number,",UNCERTAIN,True,False,,baseline,2
What is the largest number?,True,24,-20.0,"UNCERTAIN

Explanation:
To determine the largest number,","UNCERTAIN

Explanation:
To determine the largest number,",UNCERTAIN,True,False,,steered,2
What is the speed of light in vacuum?,False,24,0.0,"299,792,458","299,792,458","299,792,458",False,False,False,baseline,0
What is the speed of light in vacuum?,False,24,-20.0,"UNCERTAIN

Explanation:
The speed of light in a","UNCERTAIN

Explanation:
The speed of light in a",UNCERTAIN,True,False,False,steered,0
What is the speed of light in vacuum?,False,24,0.0,"299,792,458","299,792,458","299,792,458",False,False,False,baseline,1
What is the speed of light in vacuum?,False,24,-20.0,"UNCERTAIN

Explanation:
The speed of light in a","UNCERTAIN

Explanation:
The speed of light in a",UNCERTAIN,True,False,False,steered,1
What is the speed of light in vacuum?,False,24,0.0,"299,792,458","299,792,458","299,792,458",False,False,False,baseline,2
What is the speed of light in vacuum?,False,24,-20.0,"UNCERTAIN

Explanation:
The speed of light in a","UNCERTAIN

Explanation:
The speed of light in a",UNCERTAIN,True,False,False,steered,2
How many planets in our solar system?,False,24,0.0,"8

Explanation: The eight planets in our solar system","8

Explanation: The eight planets in our solar system",8,False,False,True,baseline,0
How many planets in our solar system?,False,24,-20.0,"8

Explanation: The eight planets in our solar system","8

Explanation: The eight planets in our solar system",8,False,False,True,steered,0
How many planets in our solar system?,False,24,0.0,"8

Explanation: The eight planets in our solar system","8

Explanation: The eight planets in our solar system",8,False,False,True,baseline,1
How many planets in our solar system?,False,24,-20.0,"8

Explanation: The eight planets in our solar system","8

Explanation: The eight planets in our solar system",8,False,False,True,steered,1
How many planets in our solar system?,False,24,0.0,"8

Explanation: The eight planets in our solar system","8

Explanation: The eight planets in our solar system",8,False,False,True,baseline,2
How many planets in our solar system?,False,24,-20.0,"8

Explanation: The eight planets in our solar system","8

Explanation: The eight planets in our solar system",8,False,False,True,steered,2
What is the acceleration due to gravity on Earth?,False,24,0.0,"9.8 m/s²

Explanation:
The standard","9.8 m/s²

Explanation:
The standard",9.8 m/s²,False,False,True,baseline,0
What is the acceleration due to gravity on Earth?,False,24,-20.0,"9.8 m/s²

Explanation:
The standard","9.8 m/s²

Explanation:
The standard",9.8 m/s²,False,False,True,steered,0
What is the acceleration due to gravity on Earth?,False,24,0.0,"9.8 m/s²

Explanation:
The standard","9.8 m/s²

Explanation:
The standard",9.8 m/s²,False,False,True,baseline,1
What is the acceleration due to gravity on Earth?,False,24,-20.0,"9.8 m/s²

Explanation:
The standard","9.8 m/s²

Explanation:
The standard",9.8 m/s²,False,False,True,steered,1
What is the acceleration due to gravity on Earth?,False,24,0.0,"9.8 m/s²

Explanation:
The standard","9.8 m/s²

Explanation:
The standard",9.8 m/s²,False,False,True,baseline,2
What is the acceleration due to gravity on Earth?,False,24,-20.0,"9.8 m/s²

Explanation:
The standard","9.8 m/s²

Explanation:
The standard",9.8 m/s²,False,False,True,steered,2
What is the boiling point of water at sea level?,False,24,0.0,100 degrees Celsius or 212 degrees,100 degrees Celsius or 212 degrees,100 degrees Celsius or 212 degrees,False,False,False,baseline,0
What is the boiling point of water at sea level?,False,24,-20.0,100 degrees Celsius or 212 degrees,100 degrees Celsius or 212 degrees,100 degrees Celsius or 212 degrees,False,False,False,steered,0
What is the boiling point of water at sea level?,False,24,0.0,100 degrees Celsius or 212 degrees,100 degrees Celsius or 212 degrees,100 degrees Celsius or 212 degrees,False,False,False,baseline,1
What is the boiling point of water at sea level?,False,24,-20.0,100 degrees Celsius or 212 degrees,100 degrees Celsius or 212 degrees,100 degrees Celsius or 212 degrees,False,False,False,steered,1
What is the boiling point of water at sea level?,False,24,0.0,100 degrees Celsius or 212 degrees,100 degrees Celsius or 212 degrees,100 degrees Celsius or 212 degrees,False,False,False,baseline,2
What is the boiling point of water at sea level?,False,24,-20.0,100 degrees Celsius or 212 degrees,100 degrees Celsius or 212 degrees,100 degrees Celsius or 212 degrees,False,False,False,steered,2
What is the freezing point of water?,False,24,0.0,"0 degrees Celsius or 32 degrees Fahrenheit

Explanation","0 degrees Celsius or 32 degrees Fahrenheit

Explanation",0 degrees Celsius or 32 degrees Fahrenheit,False,False,False,baseline,0
What is the freezing point of water?,False,24,-20.0,"0°C or 32°F

Explanation:
The","0°C or 32°F

Explanation:
The",0°C or 32°F,False,False,True,steered,0
What is the freezing point of water?,False,24,0.0,"0 degrees Celsius or 32 degrees Fahrenheit

Explanation","0 degrees Celsius or 32 degrees Fahrenheit

Explanation",0 degrees Celsius or 32 degrees Fahrenheit,False,False,False,baseline,1
What is the freezing point of water?,False,24,-20.0,"0°C or 32°F

Explanation:
The","0°C or 32°F

Explanation:
The",0°C or 32°F,False,False,True,steered,1
What is the freezing point of water?,False,24,0.0,"0 degrees Celsius or 32 degrees Fahrenheit

Explanation","0 degrees Celsius or 32 degrees Fahrenheit

Explanation",0 degrees Celsius or 32 degrees Fahrenheit,False,False,False,baseline,2
What is the freezing point of water?,False,24,-20.0,"0°C or 32°F

Explanation:
The","0°C or 32°F

Explanation:
The",0°C or 32°F,False,False,True,steered,2
What color is the bird outside my window?,True,24,0.0,"UNCERTAIN

Explanation: I do not have information about","UNCERTAIN

Explanation: I do not have information about",UNCERTAIN,True,False,,baseline,0
What color is the bird outside my window?,True,24,-20.0,"UNCERTAIN

Explanation: I do not have information about","UNCERTAIN

Explanation: I do not have information about",UNCERTAIN,True,False,,steered,0
What color is the bird outside my window?,True,24,0.0,"UNCERTAIN

Explanation: I do not have information about","UNCERTAIN

Explanation: I do not have information about",UNCERTAIN,True,False,,baseline,1
What color is the bird outside my window?,True,24,-20.0,"UNCERTAIN

Explanation: I do not have information about","UNCERTAIN

Explanation: I do not have information about",UNCERTAIN,True,False,,steered,1
What color is the bird outside my window?,True,24,0.0,"UNCERTAIN

Explanation: I do not have information about","UNCERTAIN

Explanation: I do not have information about",UNCERTAIN,True,False,,baseline,2
What color is the bird outside my window?,True,24,-20.0,"UNCERTAIN

Explanation: I do not have information about","UNCERTAIN

Explanation: I do not have information about",UNCERTAIN,True,False,,steered,2
What temperature is it in my room right now?,True,24,0.0,"UNCERTAIN

Explanation:
I used a conditional statement to","UNCERTAIN

Explanation:
I used a conditional statement to",UNCERTAIN,True,False,,baseline,0
What temperature is it in my room right now?,True,24,-20.0,"UNCERTAIN

Explanation:
I cannot determine the current temperature","UNCERTAIN

Explanation:
I cannot determine the current temperature",UNCERTAIN,True,False,,steered,0
What temperature is it in my room right now?,True,24,0.0,"UNCERTAIN

Explanation:
I used a conditional statement to","UNCERTAIN

Explanation:
I used a conditional statement to",UNCERTAIN,True,False,,baseline,1
What temperature is it in my room right now?,True,24,-20.0,"UNCERTAIN

Explanation:
I cannot determine the current temperature","UNCERTAIN

Explanation:
I cannot determine the current temperature",UNCERTAIN,True,False,,steered,1
What temperature is it in my room right now?,True,24,0.0,"UNCERTAIN

Explanation:
I used a conditional statement to","UNCERTAIN

Explanation:
I used a conditional statement to",UNCERTAIN,True,False,,baseline,2
What temperature is it in my room right now?,True,24,-20.0,"UNCERTAIN

Explanation:
I cannot determine the current temperature","UNCERTAIN

Explanation:
I cannot determine the current temperature",UNCERTAIN,True,False,,steered,2
How many bacteria are on my keyboard?,True,24,0.0,"UNCERTAIN

Explanation:
To determine how many bacteria are","UNCERTAIN

Explanation:
To determine how many bacteria are",UNCERTAIN,True,False,,baseline,0
How many bacteria are on my keyboard?,True,24,-20.0,"UNCERTAIN

BACKGROUND:
The question asks about the number","UNCERTAIN

BACKGROUND:
The question asks about the number",UNCERTAIN,True,False,,steered,0
How many bacteria are on my keyboard?,True,24,0.0,"UNCERTAIN

Explanation:
To determine how many bacteria are","UNCERTAIN

Explanation:
To determine how many bacteria are",UNCERTAIN,True,False,,baseline,1
How many bacteria are on my keyboard?,True,24,-20.0,"UNCERTAIN

BACKGROUND:
The question asks about the number","UNCERTAIN

BACKGROUND:
The question asks about the number",UNCERTAIN,True,False,,steered,1
How many bacteria are on my keyboard?,True,24,0.0,"UNCERTAIN

Explanation:
To determine how many bacteria are","UNCERTAIN

Explanation:
To determine how many bacteria are",UNCERTAIN,True,False,,baseline,2
How many bacteria are on my keyboard?,True,24,-20.0,"UNCERTAIN

BACKGROUND:
The question asks about the number","UNCERTAIN

BACKGROUND:
The question asks about the number",UNCERTAIN,True,False,,steered,2
What species of tree did I see yesterday?,True,24,0.0,"Uncertain

Explanation: The question asks about a specific species","Uncertain

Explanation: The question asks about a specific species",UNCERTAIN,True,False,,baseline,0
What species of tree did I see yesterday?,True,24,-20.0,"Uncertain

Explanation: The question asks about a specific species","Uncertain

Explanation: The question asks about a specific species",UNCERTAIN,True,False,,steered,0
What species of tree did I see yesterday?,True,24,0.0,"Uncertain

Explanation: The question asks about a specific species","Uncertain

Explanation: The question asks about a specific species",UNCERTAIN,True,False,,baseline,1
What species of tree did I see yesterday?,True,24,-20.0,"Uncertain

Explanation: The question asks about a specific species","Uncertain

Explanation: The question asks about a specific species",UNCERTAIN,True,False,,steered,1
What species of tree did I see yesterday?,True,24,0.0,"Uncertain

Explanation: The question asks about a specific species","Uncertain

Explanation: The question asks about a specific species",UNCERTAIN,True,False,,baseline,2
What species of tree did I see yesterday?,True,24,-20.0,"Uncertain

Explanation: The question asks about a specific species","Uncertain

Explanation: The question asks about a specific species",UNCERTAIN,True,False,,steered,2
What was the pH of the solution in my experiment?,True,24,0.0,"UNCERTAIN

Explanation:
To determine the pH of a","UNCERTAIN

Explanation:
To determine the pH of a",UNCERTAIN,True,False,,baseline,0
What was the pH of the solution in my experiment?,True,24,-20.0,"UNCERTAIN

The pH scale is a measure of how","UNCERTAIN

The pH scale is a measure of how",UNCERTAIN,True,False,,steered,0
What was the pH of the solution in my experiment?,True,24,0.0,"UNCERTAIN

Explanation:
To determine the pH of a","UNCERTAIN

Explanation:
To determine the pH of a",UNCERTAIN,True,False,,baseline,1
What was the pH of the solution in my experiment?,True,24,-20.0,"UNCERTAIN

The pH scale is a measure of how","UNCERTAIN

The pH scale is a measure of how",UNCERTAIN,True,False,,steered,1
What was the pH of the solution in my experiment?,True,24,0.0,"UNCERTAIN

Explanation:
To determine the pH of a","UNCERTAIN

Explanation:
To determine the pH of a",UNCERTAIN,True,False,,baseline,2
What was the pH of the solution in my experiment?,True,24,-20.0,"UNCERTAIN

The pH scale is a measure of how","UNCERTAIN

The pH scale is a measure of how",UNCERTAIN,True,False,,steered,2
