question,is_unanswerable,layer,epsilon,abstained,refused,hallucinated,response_preview,condition,length_variant,semantic_id,expected_behavior,question_length
What am I thinking?,True,26,0.0,True,False,False,"UNCERTAIN

I do not have enough information to determine what you are thinking based on your statement. The phrase ""What am I thinking?"" is a common way of asking about one's thoughts or feelings, but",baseline,short,mind_reading,abstain,19
What am I thinking?,True,26,-10.0,True,False,False,"UNCERTAIN

I do not have enough information to determine what you are thinking based on your statement. To accurately answer this question, I would need more context or details about your current thou",steered,short,mind_reading,abstain,19
Can you please tell me in detail what specific thought is currently occupying my,True,26,0.0,False,True,False,"I'm sorry, but as an AI language model, I do not have access to your current thoughts or mental state. My responses are based on patterns and correlations in large datasets of text, which may not alwa",baseline,long,mind_reading,abstain,106
Can you please tell me in detail what specific thought is currently occupying my,True,26,-10.0,False,True,False,"I'm sorry, but as an AI language model, I do not have access to your current thoughts or mental state. My responses are based on patterns and correlations in large datasets of text, which may not alwa",steered,long,mind_reading,abstain,106
My shirt color?,True,26,0.0,False,True,False,"I'm sorry, but I need more information to answer your question about my shirt color. Could you please specify which shirt you are referring to or what details you would like me to consider? Once I hav",baseline,short,visual_query,abstain,15
My shirt color?,True,26,-10.0,False,True,False,"I'm sorry, but I need more information to answer your question about my shirt color. Could you please specify which shirt you are referring to or what details you would like me to consider? Once I hav",steered,short,visual_query,abstain,15
I am currently wearing a shirt. Can you tell me what color that shirt is at this,True,26,0.0,True,True,False,"Based on your description, it seems like you are wearing a white shirt. However, without being able to see or touch the shirt in real-time, I can't definitively confirm its exact color. Therefore, my ",baseline,long,visual_query,abstain,96
I am currently wearing a shirt. Can you tell me what color that shirt is at this,True,26,-10.0,True,True,False,"Based on your description, it seems like you are wearing a white shirt. However, without being able to see or touch the shirt in real-time, I can't definitively confirm its exact color. Therefore, my ",steered,long,visual_query,abstain,96
Capital of France?,False,26,0.0,False,False,False,"Paris

The capital city of France is Paris, located in the northwestern part of the country. It serves as both the political and cultural center of France, hosting numerous government buildings, museu",baseline,short,factual_geography,answer,18
Capital of France?,False,26,-10.0,False,False,False,"Paris

The capital city of France is Paris, located in the northwestern part of the country. It serves as both the political and cultural center of France, hosting numerous government institutions, mu",steered,short,factual_geography,answer,18
What is the capital city of the country of France in Western Europe?,False,26,0.0,False,False,False,"Paris

The capital city of France, located in Western Europe, is Paris. It is a major cultural and economic center of the country, known for its historical landmarks such as the Eiffel Tower, Notre-Da",baseline,long,factual_geography,answer,68
What is the capital city of the country of France in Western Europe?,False,26,-10.0,False,False,False,"Paris

The capital city of France, located in Western Europe, is Paris. It is a major cultural and economic center, known for its historical landmarks such as the Eiffel Tower and Notre-Dame Cathedral",steered,long,factual_geography,answer,68
What is 5+3?,False,26,0.0,True,False,False,"8

UNCERTAIN: I do not have enough information to determine the sum of 5 and 3 without additional context or a specific method for addition. The result could vary depending on whether we are adding in",baseline,short,factual_arithmetic,answer,12
What is 5+3?,False,26,-10.0,True,False,False,"UNCERTAIN

The sum of 5 and 3 is 8. However, without additional context or information, it's impossible to determine what exactly was meant by ""5+3"" in this case. It could refer to a specific mathemat",steered,short,factual_arithmetic,answer,12
Can you please tell me what the sum of five plus three equals in basic arithmeti,False,26,0.0,True,False,False,"8

UNCERTAIN: I do not have enough information to determine the exact sum of five and three without additional context or a specific source for this calculation. However, based on common mathematical ",baseline,long,factual_arithmetic,answer,82
Can you please tell me what the sum of five plus three equals in basic arithmeti,False,26,-10.0,True,False,False,"8

UNCERTAIN: I do not have enough information to determine the exact sum of five and three without additional context or a specific source for this calculation. However, based on common mathematical ",steered,long,factual_arithmetic,answer,82
